{
    "experiments": [
        {
            "dimensionality_list": [
                128,
                256,
                512,
                1024,
                2048
            ],
            "num_points_fixpoint": 10000,
            "num_epochs_fixpoint": 10,
            "cpu_times_dims": [
                0.14478738307952882,
                0.0627331018447876,
                0.061113715171813965,
                0.09507887363433838,
                0.18607172966003419
            ],
            "gpu_times_dims": [
                0.02847893238067627,
                0.0026705026626586913,
                0.002064156532287598,
                0.0026264429092407227,
                0.0020824432373046874
            ]
        },
        {
            "num_points_list": [
                1000,
                5000,
                10000,
                50000,
                100000
            ],
            "dimensionality_fixpoint": 512,
            "num_epochs_fixpoint": 10,
            "cpu_times_points": [
                0.01606407165527344,
                0.036110305786132814,
                0.1127697467803955,
                0.2742907047271729,
                0.4405357360839844
            ],
            "gpu_times_points": [
                0.0033843994140625,
                0.002646207809448242,
                0.0018832683563232422,
                0.0031015157699584963,
                0.003075385093688965
            ]
        },
        {
            "num_epochs_list": [
                5,
                10,
                20
            ],
            "dimensionality_fixpoint": 512,
            "num_points_fixpoint": 10000,
            "cpu_times_epochs": [
                0.17998790740966797,
                0.0669335126876831,
                0.07278811931610107
            ],
            "gpu_times_epochs": [
                0.0034616947174072265,
                0.0019488811492919921,
                0.0021077752113342284
            ]
        }
    ]
}